,Parameters,Depth,Embedding Dim,num_compressed_tokens,bottleneck_locs,bottleneck_size,bottleneck,Mean (ms),Median (ms),IQR (ms)
0,100874496,12,768,8,5,3,conv_bottleneck,47.14570885330699,47.05521951109404,0.24437399770249613
1,100880640,12,768,16,5,3,conv_bottleneck,49.17420343482692,49.042560000089,0.45670550025533885
2,100892928,12,768,32,5,3,conv_bottleneck,52.33796201260179,52.29809699812904,0.25197200011461973
3,100917504,12,768,64,5,3,conv_bottleneck,60.0765033579673,59.81941600475693,1.104364750062814
4,100966656,12,768,128,5,3,conv_bottleneck,73.53198445864544,73.51570000173524,0.3927939978893846
