,Parameters,Depth,Embedding Dim,num_compressed_tokens,bottleneck_locs,bottleneck_size,bottleneck,Mean (ms),Median (ms),IQR (ms)
0,91349760,12,768,8,5,1,conv_bottleneck,39.057213619916425,39.03388700564392,0.19345300097484142
1,91355904,12,768,16,5,1,conv_bottleneck,41.00588113771887,40.9900664963061,0.17106724408222362
2,91368192,12,768,32,5,1,conv_bottleneck,44.266710000048974,44.28325999469962,0.21840099361725152
3,91392768,12,768,64,5,1,conv_bottleneck,51.557270955060794,51.5777720065671,0.2959040029963944
4,91441920,12,768,128,5,1,conv_bottleneck,65.83265134454972,65.83890350157162,0.3492224968795199
