,Parameters,Depth,Embedding Dim,num_compressed_tokens,bottleneck_locs,bottleneck_size,bottleneck,Mean (ms),Median (ms),IQR (ms)
0,105636864,12,768,8,5,4,conv_bottleneck,51.81265767089151,51.7883059947053,0.27576500724535435
1,105643008,12,768,16,5,4,conv_bottleneck,54.12005554771403,53.98731449531624,0.4753417524625547
2,105655296,12,768,32,5,4,conv_bottleneck,57.20088774209476,57.178698501957115,0.2315442507097032
3,105679872,12,768,64,5,4,conv_bottleneck,64.40943146450445,64.17184398742393,0.38921601662877947
4,105729024,12,768,128,5,4,conv_bottleneck,78.88247605924514,78.72854799643392,0.5608854953607079
