,Parameters,Depth,Embedding Dim,num_compressed_tokens,bottleneck_locs,bottleneck_size,bottleneck,Mean (ms),Median (ms),IQR (ms)
0,96112128,12,768,8,5,2,conv_bottleneck,43.05474381716746,43.03489399899263,0.14676749196951278
1,96118272,12,768,16,5,2,conv_bottleneck,45.24313742926313,45.107040990842506,0.4974910116288811
2,96130560,12,768,32,5,2,conv_bottleneck,48.489119430252515,48.33754200080875,0.6098250159993768
3,96155136,12,768,64,5,2,conv_bottleneck,55.93499772920848,55.771480496332515,0.8172220004780684
4,96204288,12,768,128,5,2,conv_bottleneck,69.83776942563608,69.79502500325907,0.40170650026993826
