,Parameters,Depth,Embedding Dim,num_compressed_tokens,bottleneck_locs,bottleneck_size,bottleneck,Mean (ms),Median (ms),IQR (ms)
0,110399232,12,768,8,5,5,conv_bottleneck,55.91703438828214,55.89207450248068,0.2740302406891715
1,110405376,12,768,16,5,5,conv_bottleneck,58.058340941805504,58.077125999261625,0.30182824775693007
2,110417664,12,768,32,5,5,conv_bottleneck,61.36903621368323,61.364515000605024,0.19461949705146253
3,110442240,12,768,64,5,5,conv_bottleneck,68.62913669185498,68.63149499986321,0.2224589989054948
4,110491392,12,768,128,5,5,conv_bottleneck,82.77160838080124,82.78401600546204,0.31268299790099263
