,Parameters,Depth,Embedding Dim,num_compressed_tokens,bottleneck_locs,bottleneck_size,bottleneck,Mean (ms),Median (ms),IQR (ms)
0,115161600,12,768,8,5,6,conv_bottleneck,60.520571992313315,60.52923999959603,0.20228000357747078
1,115167744,12,768,16,5,6,conv_bottleneck,62.71544507046656,62.70408450654941,0.25904599533532746
2,115180032,12,768,32,5,6,conv_bottleneck,65.91995060730144,65.88322500465438,0.30947050981922075
3,115204608,12,768,64,5,6,conv_bottleneck,73.23831762689885,73.21998200495727,0.24697600019862875
4,115253760,12,768,128,5,6,conv_bottleneck,87.47015745662478,87.45620299305301,0.3904482400685083
