  ,Parameters ,Depth ,Embedding Dim ,Mean (ms)            ,Median (ms)          ,IQR (ms)
0 ,  22056576 ,   12 ,          384 ,  27.218462122631177 ,  27.146289001393598 ,0.18243500380776823
1 ,  86580480 ,   12 ,          768 ,  86.38177729067479  ,  86.35599099943647  ,0.2541639914852567
2 , 304368640 ,   24 ,         1024 , 282.23284093110124  , 282.3937749999459   ,0.9079759984160773
3 ,1136480768 ,   40 ,         1536 ,1004.7363722496812   ,1005.1914094983658   ,1.8743662494671298
