,Parameters,Depth,Embedding Dim,Mean (ms),Median (ms),IQR (ms)
0,22056576,12,384,5.837821972608718,5.818372825160623,0.06640504579991102
1,86580480,12,768,10.450730554142652,10.448144981637597,0.003726920112967491
2,304368640,24,1024,29.74088800191465,29.73817060701549,0.005191320087759993
3,1136480768,40,1536,91.7716611795847,91.76837408449501,0.02212892286479473
