,Parameters,Depth,Embedding Dim,Mean (ms),Median (ms),IQR (ms)
0,22056576,12,384,28.895857913708753,28.81482499651611,0.2066800370812416
1,86580480,12,768,95.22533666013796,95.2031840570271,0.5178169813007116
2,304368640,24,1024,309.56266566108053,309.51521499082446,0.8591130608692765
3,1136480768,40,1536,1123.584530374501,1124.2485180264339,0.5783232627436519
