,Parameters,Depth,Embedding Dim,Mean (ms),Median (ms),IQR (ms)
0,22056576,12,384,5.7537854201542675,5.724646151065826,0.0479305163025856
1,86580480,12,768,7.823118958757848,7.819259213283658,0.0028328504413366318
2,304368640,24,1024,19.20654639058436,19.20512095093727,0.004222959978508051
3,1136480768,40,1536,55.82277256891959,55.81664841156453,0.01759588485583663
