,Parameters,Depth,Embedding Dim,Mean (ms),Median (ms),IQR (ms)
0,22056576,12,384,3.6466782592987173,3.49482249293942,0.4916054895147681
1,86580480,12,768,5.0268034286818875,5.0026155506202485,0.010278376066708006
2,304368640,24,1024,13.199879483560283,13.205662200925872,0.04924800014123251
3,1136480768,40,1536,41.041703149153946,41.018272007931955,0.3527129956637509
