,Parameters,Depth,Embedding Dim,Mean (ms),Median (ms),IQR (ms)
0,22056576,12,384,16.14784254531016,16.108934418298304,0.02046581357717514
1,86580480,12,768,49.378239885246494,49.38885581213981,0.014195800758898258
2,304368640,24,1024,168.22959880907243,168.12552092596889,0.5482927663251758
3,1136480768,40,1536,595.7007183959441,595.815607579425,0.6335317739285529
