,Parameters,Depth,Embedding Dim,Mean (ms),Median (ms),IQR (ms)
0,22056576,12,384,9.616347138384858,9.589730063453317,0.01038919435814023
1,86580480,12,768,28.655908029759303,28.661671618465334,0.07240183767862757
2,304368640,24,1024,92.77005978570931,92.69109391607344,0.40358619298785925
3,1136480768,40,1536,297.49096697196364,297.459514811635,0.34048210363835096
